product,node_id,node_ci,node_compute_id,available,code,vendor_title,model_title,params
MANAGED_K8S,0,CI02690156,a09lclq2,true,X86_R_2S_SDS_GENERAL_32,Huawei,Huawei 2288H V5,"{""cpu"": 32, ""hdd"": 72000, ""ram"": 768, ""unit"": 0, ""hdd_type"": ""NVMe+SSD+HDD"", ""lan1025g"": 4}"
MANAGED_K8S,0,CI02381430,a633rn87,false,X86_R_2S_SDS_GENERAL_32,Huawei,Huawei 2288H V5,"{""cpu"": 32, ""hdd"": 72000, ""ram"": 768, ""unit"": 0, ""power"": 530, ""hdd_type"": ""HDD+SDD+NVMe"", ""lan1025g"": 4}"
MANAGED_K8S,0,CI03533962,bcwgr61l,true,X86_R_2S_VSAN_GENERAL_48,Lenovo,Lenovo ThinkSystem SR650,"{""cpu"": 48, ""hdd"": ""15000"", ""ram"": ""1024"", ""power"": 580, ""hdd_type"": ""NVMe"", ""lan1025g"": 4}"
MANAGED_K8S,0,CI03807647,a9mkbrwt,false,X86_R_4S_OST_96,Lenovo,Lenovo ThinkSystem SR850 V2,"{""cpu"": 96, ""hdd"": ""960"", ""ram"": ""3072"", ""san"": 2, ""power"": 890, ""hdd_type"": ""SSD"", ""lan1025g"": 2, ""san_type"": [""16G""]}"
MANAGED_K8S,0,CI02743445,jzde8gxd,true,X86_R_2S_SDS_GENERAL_32,Huawei,Huawei 2288H V5,"{""cpu"": 32, ""hdd"": 72000, ""ram"": 768, ""unit"": 0, ""hdd_type"": ""NVMe+SSD+HDD"", ""lan1025g"": 4}"
MANAGED_K8S,0,CI02810955,ncf10epf,true,X86_R_2S_SDS_GENERAL_32,Huawei,Huawei 2288H V5,"{""cpu"": 32, ""hdd"": 72000, ""ram"": 768, ""unit"": 0, ""hdd_type"": ""NVMe+SSD+HDD"", ""lan1025g"": 4}"
MANAGED_K8S,0,CI02884181,1dhodzdo,true,X86_R_2S_SDS_GENERAL_32,Huawei,Huawei 2288H V5,"{""cpu"": 32, ""hdd"": 72000, ""ram"": 768, ""unit"": 0, ""hdd_type"": ""NVMe+SSD+HDD"", ""lan1025g"": 4}"
MANAGED_K8S,0,CI02891286,9is0j8ht,true,X86_R_2S_SDS_GENERAL_32,Huawei,Huawei 2288H V5,"{""cpu"": 32, ""hdd"": 72000, ""ram"": 768, ""unit"": 0, ""hdd_type"": ""NVMe+SSD+HDD"", ""lan1025g"": 4}"
MANAGED_K8S,0,CI02965720,lgmxg9ed,true,X86_R_2S_SDS_GENERAL_32,Huawei,Huawei 2288H V5,"{""cpu"": 32, ""hdd"": 72000, ""ram"": 768, ""unit"": 0, ""hdd_type"": ""NVMe+SSD+HDD"", ""lan1025g"": 4}"
MANAGED_K8S,0,CI03047854,n581u33x,true,X86_R_2S_SDS_GENERAL_32,Huawei,Huawei 2288H V5,"{""cpu"": 32, ""hdd"": 72000, ""ram"": 768, ""unit"": 0, ""hdd_type"": ""NVMe+SSD+HDD"", ""lan1025g"": 4}"
MANAGED_K8S,0,CI03088145,plpft75v,true,X86_R_2S_SDS_GENERAL_32,Huawei,Huawei 2288H V5,"{""cpu"": 32, ""hdd"": 72000, ""ram"": 768, ""unit"": 0, ""hdd_type"": ""NVMe+SSD+HDD"", ""lan1025g"": 4}"
MANAGED_K8S,0,CI03147974,seh60kvj,true,X86_R_2S_SDS_GENERAL_32,Huawei,Huawei 2288H V5,"{""cpu"": 32, ""hdd"": 72000, ""ram"": 768, ""unit"": 0, ""hdd_type"": ""NVMe+SSD+HDD"", ""lan1025g"": 4}"
MANAGED_K8S,0,CI03213063,0ce9uvw5,true,X86_R_2S_SDS_GENERAL_32,Huawei,Huawei 2288H V5,"{""cpu"": 32, ""hdd"": 72000, ""ram"": 768, ""unit"": 0, ""hdd_type"": ""NVMe+SSD+HDD"", ""lan1025g"": 4}"
MANAGED_K8S,0,CI03290071,3efr4edt,false,X86_R_2S_SDS_GENERAL_32,Huawei,Huawei 2288H V5,"{""cpu"": 32, ""hdd"": 72000, ""ram"": 768, ""unit"": 0, ""hdd_type"": ""NVMe+SSD+HDD"", ""lan1025g"": 4}"
MANAGED_K8S,0,CI03375891,2sywb3wk,false,X86_R_2S_SDS_GENERAL_32,Huawei,Huawei 2288H V5,"{""cpu"": 32, ""hdd"": 72000, ""ram"": 768, ""unit"": 0, ""hdd_type"": ""NVMe+SSD+HDD"", ""lan1025g"": 4}"
MANAGED_K8S,0,CI03456965,h5dnsipz,true,X86_R_2S_VSAN_GENERAL_48,Lenovo,Lenovo ThinkSystem SR650,"{""cpu"": 48, ""hdd"": ""15000"", ""ram"": ""1024"", ""power"": 580, ""hdd_type"": ""NVMe"", ""lan1025g"": 4}"
MANAGED_K8S,0,CI03509207,5fk2z9ri,true,X86_R_2S_VSAN_GENERAL_48,Lenovo,Lenovo ThinkSystem SR650,"{""cpu"": 48, ""hdd"": ""15000"", ""ram"": ""1024"", ""power"": 580, ""hdd_type"": ""NVMe"", ""lan1025g"": 4}"
MANAGED_K8S,0,CI03566636,9r0wyojf,true,X86_R_2S_VSAN_GENERAL_48,Lenovo,Lenovo ThinkSystem SR650,"{""cpu"": 48, ""hdd"": ""15000"", ""ram"": ""1024"", ""power"": 580, ""hdd_type"": ""NVMe"", ""lan1025g"": 4}"
MANAGED_K8S,0,CI03590733,jooa5lqs,true,X86_R_2S_VSAN_GENERAL_48,Lenovo,Lenovo ThinkSystem SR650,"{""cpu"": 48, ""hdd"": ""15000"", ""ram"": ""1024"", ""power"": 580, ""hdd_type"": ""NVMe"", ""lan1025g"": 4}"
MANAGED_K8S,0,CI03592269,j08xui6d,true,X86_R_2S_VSAN_GENERAL_48,Lenovo,Lenovo ThinkSystem SR650,"{""cpu"": 48, ""hdd"": ""15000"", ""ram"": ""1024"", ""power"": 580, ""hdd_type"": ""NVMe"", ""lan1025g"": 4}"
MANAGED_K8S,0,CI03653122,9zzzzg4z,true,X86_R_4S_OST_96,Lenovo,Lenovo ThinkSystem SR850 V2,"{""cpu"": 96, ""hdd"": ""960"", ""ram"": ""3072"", ""san"": 2, ""power"": 890, ""hdd_type"": ""SSD"", ""lan1025g"": 2, ""san_type"": [""16G""]}"
MANAGED_K8S,0,CI03662280,men2khvd,true,X86_R_4S_OST_96,Lenovo,Lenovo ThinkSystem SR850 V2,"{""cpu"": 96, ""hdd"": ""960"", ""ram"": ""3072"", ""san"": 2, ""power"": 890, ""hdd_type"": ""SSD"", ""lan1025g"": 2, ""san_type"": [""16G""]}"
MANAGED_K8S,0,CI03676699,aj8gxben,true,X86_R_2S_GENERAL_32_256,Dell,Dell PowerEdge R640,"{""cpu"": 32, ""hdd"": ""3840"", ""ram"": ""256"", ""hdd_type"": ""SSD"", ""lan1025g"": 2}"
MANAGED_K8S,0,CI03758186,yjqwx4hh,true,X86_R_2S_GENERAL_32_256,Dell,Dell PowerEdge R640,"{""cpu"": 32, ""hdd"": ""3840"", ""ram"": ""256"", ""hdd_type"": ""SSD"", ""lan1025g"": 2}"
MANAGED_K8S,0,CI03823158,344tfjgv,true,X86_R_2S_GENERAL_32_256,Dell,Dell PowerEdge R640,"{""cpu"": 32, ""hdd"": ""3840"", ""ram"": ""256"", ""hdd_type"": ""SSD"", ""lan1025g"": 2}"
MANAGED_K8S,0,CI03858860,4k7bn7xj,true,X86_R_1S_EDGE_16,Dell,Dell PowerEdge R340,"{""cpu"": 16, ""hdd"": ""960"", ""ram"": ""64"", ""hdd_type"": ""SSD""}"
